Year,Typ,State,Jurisdiction,Full Jurisdiction,Taps
2011,State,ARIZONA,MARICOPA,"ARIZONA, MARICOPA",21
2011,State,ARIZONA,PIMA,"ARIZONA, PIMA",40
2011,State,CALIFORNIA,BUTTE,"CALIFORNIA, BUTTE",4
2011,State,CALIFORNIA,CONTRA COSTA,"CALIFORNIA, CONTRA COSTA",1
2011,State,CALIFORNIA,IMPERIAL,"CALIFORNIA, IMPERIAL",39
2011,State,CALIFORNIA,KERN,"CALIFORNIA, KERN",8
2011,State,CALIFORNIA,LOS ANGELES,"CALIFORNIA, LOS ANGELES",180
2011,State,CALIFORNIA,MERCED,"CALIFORNIA, MERCED",16
2011,State,CALIFORNIA,ORANGE,"CALIFORNIA, ORANGE",26
2011,State,CALIFORNIA,PLACER,"CALIFORNIA, PLACER",1
2011,State,CALIFORNIA,RIVERSIDE,"CALIFORNIA, RIVERSIDE",154
2011,State,CALIFORNIA,SACRAMENTO,"CALIFORNIA, SACRAMENTO",9
2011,State,CALIFORNIA,SAN BERNARDINO,"CALIFORNIA, SAN BERNARDINO",76
2011,State,CALIFORNIA,SAN DIEGO,"CALIFORNIA, SAN DIEGO",43
2011,State,CALIFORNIA,SAN JOAQUIN,"CALIFORNIA, SAN JOAQUIN",8
2011,State,CALIFORNIA,SAN LUIS OBISPO,"CALIFORNIA, SAN LUIS OBISPO",2
2011,State,CALIFORNIA,SAN MATEO,"CALIFORNIA, SAN MATEO",3
2011,State,CALIFORNIA,SANTA BARBARA,"CALIFORNIA, SANTA BARBARA",11
2011,State,CALIFORNIA,SANTA CLARA,"CALIFORNIA, SANTA CLARA",19
2011,State,CALIFORNIA,SONOMA,"CALIFORNIA, SONOMA",4
2011,State,CALIFORNIA,STANISLAUS,"CALIFORNIA, STANISLAUS",4
2011,State,CALIFORNIA,VENTURA,"CALIFORNIA, VENTURA",22
2011,State,COLORADO,1ST JUDICIAL DISTRICT (JEFFERSON),"COLORADO, 1ST JUDICIAL DISTRICT (JEFFERSON)",4
2011,State,COLORADO,4TH JUDICIAL DISTRICT (EL PASO),"COLORADO, 4TH JUDICIAL DISTRICT (EL PASO)",35
2011,State,COLORADO,10TH JUDICIAL DISTRICT (PUEBLO),"COLORADO, 10TH JUDICIAL DISTRICT (PUEBLO)",15
2011,State,COLORADO,17TH JUDICIAL DISTRICT (ADAMS),"COLORADO, 17TH JUDICIAL DISTRICT (ADAMS)",2
2011,State,COLORADO,18TH JUDICIAL DISTRICT (ARAPAHOE),"COLORADO, 18TH JUDICIAL DISTRICT (ARAPAHOE)",1
2011,State,COLORADO,20TH JUDICIAL DISTRICT (BOULDER),"COLORADO, 20TH JUDICIAL DISTRICT (BOULDER)",2
2011,State,COLORADO,21ST JUDICIAL DISTRICT (MESA),"COLORADO, 21ST JUDICIAL DISTRICT (MESA)",3
2011,State,COLORADO,STATE ATTORNEY GENERAL,"COLORADO, STATE ATTORNEY GENERAL",12
2011,State,FLORIDA,2ND JUDICIAL CIRCUIT (LEON),"FLORIDA, 2ND JUDICIAL CIRCUIT (LEON)",4
2011,State,FLORIDA,4TH JUDICIAL CIRCUIT (DUVAL),"FLORIDA, 4TH JUDICIAL CIRCUIT (DUVAL)",49
2011,State,FLORIDA,5TH JUDICIAL CIRCUIT (LAKE/MARION),"FLORIDA, 5TH JUDICIAL CIRCUIT (LAKE/MARION)",10
2011,State,FLORIDA,7TH JUDICIAL CIRCUIT (VOLUSIA),"FLORIDA, 7TH JUDICIAL CIRCUIT (VOLUSIA)",13
2011,State,FLORIDA,8TH JUDICIAL CIRCUIT (ALACHUA),"FLORIDA, 8TH JUDICIAL CIRCUIT (ALACHUA)",4
2011,State,FLORIDA,9TH JUDICIAL CIRCUIT (ORANGE/OSCEOLA),"FLORIDA, 9TH JUDICIAL CIRCUIT (ORANGE/OSCEOLA)",1
2011,State,FLORIDA,11TH JUDICIAL CIRCUIT (DADE),"FLORIDA, 11TH JUDICIAL CIRCUIT (DADE)",1
2011,State,FLORIDA,18TH JUDICIAL CIRCUIT (BREVARD/SEMINOLE),"FLORIDA, 18TH JUDICIAL CIRCUIT (BREVARD/SEMINOLE)",46
2011,State,FLORIDA,19TH JUDICIAL CIRCUIT (SAINT LUCIE),"FLORIDA, 19TH JUDICIAL CIRCUIT (SAINT LUCIE)",1
2011,State,GEORGIA,AUGUSTA,"GEORGIA, AUGUSTA",2
2011,State,GEORGIA,BIBB,"GEORGIA, BIBB",3
2011,State,GEORGIA,DECATUR,"GEORGIA, DECATUR",1
2011,State,GEORGIA,DOUGLAS,"GEORGIA, DOUGLAS",28
2011,State,GEORGIA,FLINT,"GEORGIA, FLINT",1
2011,State,GEORGIA,GWINNETT,"GEORGIA, GWINNETT",5
2011,State,GEORGIA,HOUSTON,"GEORGIA, HOUSTON",5
2011,State,GEORGIA,MACON,"GEORGIA, MACON",4
2011,State,ILLINOIS,COOK,"ILLINOIS, COOK",39
2011,State,ILLINOIS,LAKE,"ILLINOIS, LAKE",2
2011,State,ILLINOIS,WINNEBAGO,"ILLINOIS, WINNEBAGO",15
2011,State,KANSAS,SALINE,"KANSAS, SALINE",3
2011,State,MARYLAND,BALTIMORE,"MARYLAND, BALTIMORE",22
2011,State,MARYLAND,BALTIMORE CITY,"MARYLAND, BALTIMORE CITY",12
2011,State,MARYLAND,FREDERICK,"MARYLAND, FREDERICK",7
2011,State,MARYLAND,HARFORD,"MARYLAND, HARFORD",25
2011,State,MARYLAND,HOWARD,"MARYLAND, HOWARD",5
2011,State,MARYLAND,ST. MARY’S,"MARYLAND, ST. MARY’S",3
2011,State,MARYLAND,WASHINGTON,"MARYLAND, WASHINGTON",2
2011,State,MARYLAND,WICOMICO,"MARYLAND, WICOMICO",2
2011,State,MASSACHUSETTS,BRISTOL,"MASSACHUSETTS, BRISTOL",1
2011,State,MASSACHUSETTS,STATE ATTORNEY GENERAL,"MASSACHUSETTS, STATE ATTORNEY GENERAL",5
2011,State,MINNESOTA,DAKOTA,"MINNESOTA, DAKOTA",2
2011,State,MISSISSIPPI,GRENADA,"MISSISSIPPI, GRENADA",1
2011,State,MISSISSIPPI,HINDS,"MISSISSIPPI, HINDS",2
2011,State,MISSISSIPPI,MARSHALL,"MISSISSIPPI, MARSHALL",6
2011,State,MISSISSIPPI,NEWTON,"MISSISSIPPI, NEWTON",1
2011,State,MISSISSIPPI,RANKIN,"MISSISSIPPI, RANKIN",5
2011,State,MISSISSIPPI,SCOTT,"MISSISSIPPI, SCOTT",3
2011,State,MISSOURI,ST. LOUIS,"MISSOURI, ST. LOUIS",1
2011,State,NEVADA,CLARK,"NEVADA, CLARK",91
2011,State,NEW JERSEY,ATLANTIC,"NEW JERSEY, ATLANTIC",1
2011,State,NEW JERSEY,BERGEN,"NEW JERSEY, BERGEN",11
2011,State,NEW JERSEY,BURLINGTON,"NEW JERSEY, BURLINGTON",1
2011,State,NEW JERSEY,CAMDEN,"NEW JERSEY, CAMDEN",5
2011,State,NEW JERSEY,CAPE MAY,"NEW JERSEY, CAPE MAY",1
2011,State,NEW JERSEY,CUMBERLAND,"NEW JERSEY, CUMBERLAND",9
2011,State,NEW JERSEY,ESSEX,"NEW JERSEY, ESSEX",6
2011,State,NEW JERSEY,GLOUCESTER,"NEW JERSEY, GLOUCESTER",14
2011,State,NEW JERSEY,HUDSON,"NEW JERSEY, HUDSON",7
2011,State,NEW JERSEY,MERCER,"NEW JERSEY, MERCER",2
2011,State,NEW JERSEY,MIDDLESEX,"NEW JERSEY, MIDDLESEX",4
2011,State,NEW JERSEY,MONMOUTH,"NEW JERSEY, MONMOUTH",7
2011,State,NEW JERSEY,MORRIS,"NEW JERSEY, MORRIS",13
2011,State,NEW JERSEY,OCEAN,"NEW JERSEY, OCEAN",12
2011,State,NEW JERSEY,SOMERSET,"NEW JERSEY, SOMERSET",4
2011,State,NEW JERSEY,STATE ATTORNEY GENERAL,"NEW JERSEY, STATE ATTORNEY GENERAL",23
2011,State,NEW JERSEY,UNION,"NEW JERSEY, UNION",19
2011,State,NEW JERSEY,WARREN,"NEW JERSEY, WARREN",1
2011,State,NEW YORK,BRONX,"NEW YORK, BRONX",30
2011,State,NEW YORK,CLINTON,"NEW YORK, CLINTON",1
2011,State,NEW YORK,KINGS,"NEW YORK, KINGS",5
2011,State,NEW YORK,MONROE,"NEW YORK, MONROE",2
2011,State,NEW YORK,NASSAU,"NEW YORK, NASSAU",1
2011,State,NEW YORK,NY ORGANIZED CRIME TASK FORCE,"NEW YORK, NY ORGANIZED CRIME TASK FORCE",13
2011,State,NEW YORK,NYC SPECIAL NARCOTICS BUREAU,"NEW YORK, NYC SPECIAL NARCOTICS BUREAU",76
2011,State,NEW YORK,ONEIDA,"NEW YORK, ONEIDA",14
2011,State,NEW YORK,QUEENS,"NEW YORK, QUEENS",235
2011,State,NEW YORK,RICHMOND,"NEW YORK, RICHMOND",21
2011,State,NEW YORK,STATE ATTORNEY GENERAL,"NEW YORK, STATE ATTORNEY GENERAL",2
2011,State,NEW YORK,SUFFOLK,"NEW YORK, SUFFOLK",21
2011,State,NEW YORK,TOMPKINS,"NEW YORK, TOMPKINS",2
2011,State,NEW YORK,WESTCHESTER,"NEW YORK, WESTCHESTER",18
2011,State,NORTH CAROLINA,HARNETT,"NORTH CAROLINA, HARNETT",1
2011,State,NORTH CAROLINA,WAKE,"NORTH CAROLINA, WAKE",1
2011,State,NORTH CAROLINA,WAYNE,"NORTH CAROLINA, WAYNE",1
2011,State,OHIO,CUYAHOGA,"OHIO, CUYAHOGA",1
2011,State,OHIO,HAMILTON,"OHIO, HAMILTON",9
2011,State,OHIO,JEFFERSON,"OHIO, JEFFERSON",3
2011,State,OHIO,SENECA,"OHIO, SENECA",1
2011,State,OKLAHOMA,STATE ATTORNEY GENERAL,"OKLAHOMA, STATE ATTORNEY GENERAL",8
2011,State,OREGON,BENTON,"OREGON, BENTON",10
2011,State,OREGON,CLACKAMAS,"OREGON, CLACKAMAS",1
2011,State,PENNSYLVANIA,BERKS,"PENNSYLVANIA, BERKS",6
2011,State,PENNSYLVANIA,CHESTER,"PENNSYLVANIA, CHESTER",8
2011,State,PENNSYLVANIA,LEHIGH,"PENNSYLVANIA, LEHIGH",2
2011,State,PENNSYLVANIA,MONTGOMERY,"PENNSYLVANIA, MONTGOMERY",9
2011,State,PENNSYLVANIA,PHILADELPHIA,"PENNSYLVANIA, PHILADELPHIA",13
2011,State,PENNSYLVANIA,SCHUYLKILL,"PENNSYLVANIA, SCHUYLKILL",5
2011,State,PENNSYLVANIA,STATE ATTORNEY GENERAL,"PENNSYLVANIA, STATE ATTORNEY GENERAL",29
2011,State,TENNESSEE,20TH JUDICIAL DISTRICT (DAVIDSON),"TENNESSEE, 20TH JUDICIAL DISTRICT (DAVIDSON)",23
2011,State,TENNESSEE,30TH JUDICIAL DISTRICT (SHELBY),"TENNESSEE, 30TH JUDICIAL DISTRICT (SHELBY)",14
2011,State,TEXAS,TRAVIS,"TEXAS, TRAVIS",2
2011,State,UTAH,UTAH,"UTAH, UTAH",1
2011,State,VIRGINIA,STATE ATTORNEY GENERAL,"VIRGINIA, STATE ATTORNEY GENERAL",1
2011,State,WYOMING,FREMONT,"WYOMING, FREMONT",4
2011,State,WYOMING,LARAMIE,"WYOMING, LARAMIE",3
2011,State,WYOMING,SWEETWATER,"WYOMING, SWEETWATER",5
2011,Federal,,"Alabama, Middle","Alabama, Middle",4
2011,Federal,,"Alabama, Southern","Alabama, Southern",5
2011,Federal,,Arizona,Arizona,56
2011,Federal,,"Arkansas, Eastern","Arkansas, Eastern",10
2011,Federal,,"California, Central","California, Central",11
2011,Federal,,"California, Eastern","California, Eastern",1
2011,Federal,,"California, Northern","California, Northern",4
2011,Federal,,"California, Southern","California, Southern",20
2011,Federal,,Colorado,Colorado,10
2011,Federal,,Connecticut,Connecticut,2
2011,Federal,,Delaware,Delaware,2
2011,Federal,,District of Columbia,District of Columbia,18
2011,Federal,,"Florida, Middle","Florida, Middle",18
2011,Federal,,"Florida, Southern","Florida, Southern",11
2011,Federal,,"Georgia, Middle","Georgia, Middle",1
2011,Federal,,"Georgia, Northern","Georgia, Northern",20
2011,Federal,,Hawaii,Hawaii,1
2011,Federal,,"Illinois, Central","Illinois, Central",2
2011,Federal,,"Illinois, Northern","Illinois, Northern",67
2011,Federal,,"Illinois, Southern","Illinois, Southern",4
2011,Federal,,"Indiana, Northern","Indiana, Northern",19
2011,Federal,,"Indiana, Southern","Indiana, Southern",33
2011,Federal,,"Iowa, Northern","Iowa, Northern",3
2011,Federal,,"Iowa, Southern","Iowa, Southern",3
2011,Federal,,Kansas,Kansas,22
2011,Federal,,"Kentucky, Eastern","Kentucky, Eastern",3
2011,Federal,,"Kentucky, Western","Kentucky, Western",4
2011,Federal,,"Louisiana, Eastern","Louisiana, Eastern",3
2011,Federal,,"Louisiana, Middle","Louisiana, Middle",3
2011,Federal,,"Louisiana, Western","Louisiana, Western",2
2011,Federal,,Maine,Maine,6
2011,Federal,,Maryland,Maryland,24
2011,Federal,,Massachusetts,Massachusetts,9
2011,Federal,,"Michigan, Eastern","Michigan, Eastern",3
2011,Federal,,"Michigan, Western","Michigan, Western",1
2011,Federal,,Minnesota,Minnesota,7
2011,Federal,,"Mississippi, Northern","Mississippi, Northern",2
2011,Federal,,"Mississippi, Southern","Mississippi, Southern",5
2011,Federal,,"Missouri, Eastern","Missouri, Eastern",17
2011,Federal,,"Missouri, Western","Missouri, Western",6
2011,Federal,,Nebaska,Nebaska,3
2011,Federal,,Nevada,Nevada,7
2011,Federal,,New Jersey,New Jersey,19
2011,Federal,,"New York, Eastern","New York, Eastern",5
2011,Federal,,"New York, Northern","New York, Northern",5
2011,Federal,,"New York, Southern","New York, Southern",22
2011,Federal,,"New York, Western","New York, Western",8
2011,Federal,,"North Carolina, Eastern","North Carolina, Eastern",3
2011,Federal,,"North Carolina, Middle","North Carolina, Middle",4
2011,Federal,,"North Carolina, Western","North Carolina, Western",3
2011,Federal,,"Ohio, Northern","Ohio, Northern",5
2011,Federal,,Oregon,Oregon,6
2011,Federal,,"Pennsylvania, Eastern","Pennsylvania, Eastern",12
2011,Federal,,"Pennsylvania, Middle","Pennsylvania, Middle",1
2011,Federal,,"Pennsylvania, Western","Pennsylvania, Western",14
2011,Federal,,Puerto Rico,Puerto Rico,4
2011,Federal,,Rhode Island,Rhode Island,1
2011,Federal,,South Carolina,South Carolina,2
2011,Federal,,"Tennessee, Eastern","Tennessee, Eastern",2
2011,Federal,,"Tennessee, Middle","Tennessee, Middle",12
2011,Federal,,"Texas, Eastern","Texas, Eastern",5
2011,Federal,,"Texas, Northern","Texas, Northern",17
2011,Federal,,"Texas, Southern","Texas, Southern",36
2011,Federal,,"Texas, Western","Texas, Western",97
2011,Federal,,Utah,Utah,4
2011,Federal,,Virgin Islands,Virgin Islands,1
2011,Federal,,"Virginia, Eastern","Virginia, Eastern",18
2011,Federal,,"Washington, Eastern","Washington, Eastern",8
2011,Federal,,"Washington, Western","Washington, Western",25
2011,Federal,,Wyoming,Wyoming,1
2010,State,ARIZONA,MARICOPA,"ARIZONA, MARICOPA",15
2010,State,ARIZONA,PIMA,"ARIZONA, PIMA",13
2010,State,CALIFORNIA,IMPERIAL,"CALIFORNIA, IMPERIAL",17
2010,State,CALIFORNIA,KERN,"CALIFORNIA, KERN",13
2010,State,CALIFORNIA,LOS ANGELES,"CALIFORNIA, LOS ANGELES",206
2010,State,CALIFORNIA,MERCED,"CALIFORNIA, MERCED",2
2010,State,CALIFORNIA,MONTEREY,"CALIFORNIA, MONTEREY",12
2010,State,CALIFORNIA,ORANGE,"CALIFORNIA, ORANGE",37
2010,State,CALIFORNIA,RIVERSIDE,"CALIFORNIA, RIVERSIDE",74
2010,State,CALIFORNIA,SACRAMENTO,"CALIFORNIA, SACRAMENTO",31
2010,State,CALIFORNIA,SAN BERNARDINO,"CALIFORNIA, SAN BERNARDINO",116
2010,State,CALIFORNIA,SAN DIEGO,"CALIFORNIA, SAN DIEGO",77
2010,State,CALIFORNIA,SAN JOAQUIN,"CALIFORNIA, SAN JOAQUIN",4
2010,State,CALIFORNIA,SAN MATEO,"CALIFORNIA, SAN MATEO",3
2010,State,CALIFORNIA,SANTA BARBARA,"CALIFORNIA, SANTA BARBARA",19
2010,State,CALIFORNIA,SANTA CLARA,"CALIFORNIA, SANTA CLARA",5
2010,State,CALIFORNIA,SONOMA,"CALIFORNIA, SONOMA",1
2010,State,CALIFORNIA,STANISLAUS,"CALIFORNIA, STANISLAUS",14
2010,State,CALIFORNIA,SUTTER,"CALIFORNIA, SUTTER",1
2010,State,CALIFORNIA,TULARE,"CALIFORNIA, TULARE",7
2010,State,CALIFORNIA,VENTURA,"CALIFORNIA, VENTURA",18
2010,State,COLORADO,1ST JUDICIAL DISTRICT (JEFFERSON),"COLORADO, 1ST JUDICIAL DISTRICT (JEFFERSON)",19
2010,State,COLORADO,2ND JUDICIAL DISTRICT (DENVER),"COLORADO, 2ND JUDICIAL DISTRICT (DENVER)",2
2010,State,COLORADO,4TH JUDICIAL DISTRICT (EL PASO),"COLORADO, 4TH JUDICIAL DISTRICT (EL PASO)",33
2010,State,COLORADO,18TH JUDICIAL DISTRICT (ARAPAHOE),"COLORADO, 18TH JUDICIAL DISTRICT (ARAPAHOE)",1
2010,State,COLORADO,19TH JUDICIAL DISTRICT (WELD),"COLORADO, 19TH JUDICIAL DISTRICT (WELD)",5
2010,State,COLORADO,20TH JUDICIAL DISTRICT (BOULDER),"COLORADO, 20TH JUDICIAL DISTRICT (BOULDER)",9
2010,State,COLORADO,21ST JUDICIAL DISTRICT (MESA),"COLORADO, 21ST JUDICIAL DISTRICT (MESA)",13
2010,State,COLORADO,ADAMS,"COLORADO, ADAMS",3
2010,State,COLORADO,STATE ATTORNEY GENERAL,"COLORADO, STATE ATTORNEY GENERAL",17
2010,State,CONNECTICUT,HARTFORD,"CONNECTICUT, HARTFORD",7
2010,State,CONNECTICUT,STATE ATTORNEY GENERAL,"CONNECTICUT, STATE ATTORNEY GENERAL",2
2010,State,FLORIDA,4TH JUDICIAL DICRUIT (DUVAL),"FLORIDA, 4TH JUDICIAL DICRUIT (DUVAL)",37
2010,State,FLORIDA,5TH JUDICIAL CIRCUIT (LAKE/MARION),"FLORIDA, 5TH JUDICIAL CIRCUIT (LAKE/MARION)",10
2010,State,FLORIDA,9TH JUDICIAL CIRCUIT (ORANGE/OSCEOLA),"FLORIDA, 9TH JUDICIAL CIRCUIT (ORANGE/OSCEOLA)",1
2010,State,FLORIDA,18TH JUDICIAL CIRCUIT (BREVARD/SEMINOLE),"FLORIDA, 18TH JUDICIAL CIRCUIT (BREVARD/SEMINOLE)",33
2010,State,FLORIDA,19TH JUDICIAL CIRCUIT (SAINT LUCIE),"FLORIDA, 19TH JUDICIAL CIRCUIT (SAINT LUCIE)",34
2010,State,FLORIDA,STATE ATTORNEY GENERAL,"FLORIDA, STATE ATTORNEY GENERAL",28
2010,State,GEORGIA,CLAYTON,"GEORGIA, CLAYTON",20
2010,State,GEORGIA,GWINNETT,"GEORGIA, GWINNETT",13
2010,State,IDAHO,BONNER,"IDAHO, BONNER",1
2010,State,ILLINOIS,COOK,"ILLINOIS, COOK",23
2010,State,ILLINOIS,DUPAGE,"ILLINOIS, DUPAGE",5
2010,State,INDIANA,MARION,"INDIANA, MARION",1
2010,State,KANSAS,18TH JUDICIAL DISTRICT (SEDGWICK),"KANSAS, 18TH JUDICIAL DISTRICT (SEDGWICK)",1
2010,State,KANSAS,SHAWNEE,"KANSAS, SHAWNEE",7
2010,State,MARYLAND,BALTIMORE,"MARYLAND, BALTIMORE",31
2010,State,MARYLAND,BALTIMORE CITY,"MARYLAND, BALTIMORE CITY",22
2010,State,MARYLAND,FREDERICK,"MARYLAND, FREDERICK",2
2010,State,MARYLAND,HARFORD,"MARYLAND, HARFORD",27
2010,State,MARYLAND,WICOMICO,"MARYLAND, WICOMICO",2
2010,State,MASSACHUSETTS,BRISTOL,"MASSACHUSETTS, BRISTOL",1
2010,State,MASSACHUSETTS,CAPE & ISLANDS,"MASSACHUSETTS, CAPE & ISLANDS",3
2010,State,MASSACHUSETTS,HAMPTON,"MASSACHUSETTS, HAMPTON",2
2010,State,MISSISSIPPI,STATE ATTORNEY GENERAL,"MISSISSIPPI, STATE ATTORNEY GENERAL",8
2010,State,NEVADA,CLARK,"NEVADA, CLARK",42
2010,State,NEVADA,LYON,"NEVADA, LYON",1
2010,State,NEW JERSEY,ATLANTIC,"NEW JERSEY, ATLANTIC",2
2010,State,NEW JERSEY,BERGEN,"NEW JERSEY, BERGEN",12
2010,State,NEW JERSEY,BURLINGTON,"NEW JERSEY, BURLINGTON",1
2010,State,NEW JERSEY,CAPE MAY,"NEW JERSEY, CAPE MAY",4
2010,State,NEW JERSEY,CUMBERLAND,"NEW JERSEY, CUMBERLAND",13
2010,State,NEW JERSEY,ESSEX,"NEW JERSEY, ESSEX",16
2010,State,NEW JERSEY,GLOUCESTER,"NEW JERSEY, GLOUCESTER",13
2010,State,NEW JERSEY,MIDDLESEX,"NEW JERSEY, MIDDLESEX",1
2010,State,NEW JERSEY,MONMOUTH,"NEW JERSEY, MONMOUTH",5
2010,State,NEW JERSEY,MORRIS,"NEW JERSEY, MORRIS",28
2010,State,NEW JERSEY,OCEAN,"NEW JERSEY, OCEAN",15
2010,State,NEW JERSEY,SALEM,"NEW JERSEY, SALEM",11
2010,State,NEW JERSEY,SOMERSET,"NEW JERSEY, SOMERSET",16
2010,State,NEW JERSEY,STATE ATTORNEY GENERAL,"NEW JERSEY, STATE ATTORNEY GENERAL",67
2010,State,NEW JERSEY,UNION,"NEW JERSEY, UNION",11
2010,State,NEW YORK,MONROE,"NEW YORK, MONROE",20
2010,State,NEW YORK,NASSAU,"NEW YORK, NASSAU",3
2010,State,NEW YORK,NEW YORK,"NEW YORK, NEW YORK",3
2010,State,NEW YORK,NY ORGANIZED CRIME TASK FORCE,"NEW YORK, NY ORGANIZED CRIME TASK FORCE",16
2010,State,NEW YORK,NYC SPECIAL NARCOTICS BUREAU,"NEW YORK, NYC SPECIAL NARCOTICS BUREAU",90
2010,State,NEW YORK,ONONDAGA,"NEW YORK, ONONDAGA",1
2010,State,NEW YORK,QUEENS,"NEW YORK, QUEENS",261
2010,State,NEW YORK,RENSSELAER,"NEW YORK, RENSSELAER",1
2010,State,NEW YORK,RICHMOND,"NEW YORK, RICHMOND",7
2010,State,NEW YORK,ROCKLAND,"NEW YORK, ROCKLAND",8
2010,State,NEW YORK,SARATOGA,"NEW YORK, SARATOGA",1
2010,State,NEW YORK,SUFFOLK,"NEW YORK, SUFFOLK",57
2010,State,NEW YORK,WAYNE,"NEW YORK, WAYNE",11
2010,State,NEW YORK,WESTCHESTER,"NEW YORK, WESTCHESTER",1
2010,State,NORTH CAROLINA,WAKE,"NORTH CAROLINA, WAKE",1
2010,State,OHIO,HAMILTON,"OHIO, HAMILTON",4
2010,State,OKLAHOMA,STATE ATTORNEY GENERAL,"OKLAHOMA, STATE ATTORNEY GENERAL",14
2010,State,OREGON,LANE,"OREGON, LANE",1
2010,State,OREGON,STATE ATTORNEY GENERAL,"OREGON, STATE ATTORNEY GENERAL",28
2010,State,PENNSYLVANIA,BERKS,"PENNSYLVANIA, BERKS",3
2010,State,PENNSYLVANIA,CHESTER,"PENNSYLVANIA, CHESTER",5
2010,State,PENNSYLVANIA,CUMBERLAND,"PENNSYLVANIA, CUMBERLAND",1
2010,State,PENNSYLVANIA,LAWRENCE,"PENNSYLVANIA, LAWRENCE",1
2010,State,PENNSYLVANIA,MONTGOMERY,"PENNSYLVANIA, MONTGOMERY",18
2010,State,PENNSYLVANIA,STATE ATTORNEY GENERAL,"PENNSYLVANIA, STATE ATTORNEY GENERAL",21
2010,State,TENNESSEE,20TH JUDICIAL DISTRICT (DAVIDSON),"TENNESSEE, 20TH JUDICIAL DISTRICT (DAVIDSON)",33
2010,State,TENNESSEE,30TH JUDICIAL DISTRICT (SHELBY),"TENNESSEE, 30TH JUDICIAL DISTRICT (SHELBY)",2
2010,State,TEXAS,HARRIS,"TEXAS, HARRIS",2
2010,State,VIRGINIA,STATE ATTORNEY GENERAL,"VIRGINIA, STATE ATTORNEY GENERAL",2
2010,State,WYOMING,CAMPBELL,"WYOMING, CAMPBELL",4
2010,State,WYOMING,LARAMIE,"WYOMING, LARAMIE",1
2010,Federal,,"Alabama, Middle","Alabama, Middle",8
2010,Federal,,"Alabama, Northern","Alabama, Northern",10
2010,Federal,,Alaska,Alaska,5
2010,Federal,,Arizona,Arizona,91
2010,Federal,,"Arkansas, Eastern","Arkansas, Eastern",3
2010,Federal,,"California, Central","California, Central",61
2010,Federal,,"California, Eastern","California, Eastern",15
2010,Federal,,"California, Northern","California, Northern",5
2010,Federal,,"California, Southern","California, Southern",8
2010,Federal,,Colorado,Colorado,18
2010,Federal,,Connecticut,Connecticut,29
2010,Federal,,Delaware,Delaware,1
2010,Federal,,District of Columbia,District of Columbia,22
2010,Federal,,"Florida, Middle","Florida, Middle",21
2010,Federal,,"Florida, Northern","Florida, Northern",11
2010,Federal,,"Florida, Southern","Florida, Southern",39
2010,Federal,,"Georgia, Middle","Georgia, Middle",12
2010,Federal,,"Georgia, Northern","Georgia, Northern",65
2010,Federal,,"Georgia, Southern","Georgia, Southern",4
2010,Federal,,Hawaii,Hawaii,4
2010,Federal,,Idaho,Idaho,7
2010,Federal,,"Illinois, Central","Illinois, Central",2
2010,Federal,,"Illinois, Northern","Illinois, Northern",73
2010,Federal,,"Illinois, Southern","Illinois, Southern",17
2010,Federal,,"Indiana, Northern","Indiana, Northern",7
2010,Federal,,"Indiana, Southern","Indiana, Southern",11
2010,Federal,,"Iowa, Northern","Iowa, Northern",11
2010,Federal,,"Iowa, Southern","Iowa, Southern",7
2010,Federal,,Kansas,Kansas,25
2010,Federal,,"Kentucky, Eastern","Kentucky, Eastern",5
2010,Federal,,"Kentucky, Western","Kentucky, Western",7
2010,Federal,,"Louisiana, Eastern","Louisiana, Eastern",42
2010,Federal,,"Louisiana, Western","Louisiana, Western",2
2010,Federal,,Maine,Maine,6
2010,Federal,,Maryland,Maryland,11
2010,Federal,,Massachusetts,Massachusetts,13
2010,Federal,,"Michigan, Eastern","Michigan, Eastern",19
2010,Federal,,Minnesota,Minnesota,7
2010,Federal,,"Mississippi, Southern","Mississippi, Southern",4
2010,Federal,,"Missouri, Eastern","Missouri, Eastern",20
2010,Federal,,"Missouri, Western","Missouri, Western",26
2010,Federal,,Nevada,Nevada,11
2010,Federal,,New Jersey,New Jersey,7
2010,Federal,,New Mexico,New Mexico,10
2010,Federal,,"New York, Eastern","New York, Eastern",6
2010,Federal,,"New York, Northern","New York, Northern",12
2010,Federal,,"New York, Southern","New York, Southern",42
2010,Federal,,"New York, Western","New York, Western",15
2010,Federal,,"North Carolina, Eastern","North Carolina, Eastern",1
2010,Federal,,"North Carolina, Middle","North Carolina, Middle",9
2010,Federal,,"North Carolina, Western","North Carolina, Western",21
2010,Federal,,"Ohio, Northern","Ohio, Northern",6
2010,Federal,,"Ohio, Southern","Ohio, Southern",1
2010,Federal,,"Oklahoma, Northern","Oklahoma, Northern",1
2010,Federal,,Oregon,Oregon,2
2010,Federal,,"Pennsylvania, Eastern","Pennsylvania, Eastern",8
2010,Federal,,"Pennsylvania, Middle","Pennsylvania, Middle",4
2010,Federal,,"Pennsylvania, Western","Pennsylvania, Western",3
2010,Federal,,Puerto Rico,Puerto Rico,8
2010,Federal,,Rhode Island,Rhode Island,3
2010,Federal,,South Carolina,South Carolina,17
2010,Federal,,"Tennessee, Eastern","Tennessee, Eastern",7
2010,Federal,,"Tennessee, Middle","Tennessee, Middle",27
2010,Federal,,"Texas, Eastern","Texas, Eastern",3
2010,Federal,,"Texas, Northern","Texas, Northern",31
2010,Federal,,"Texas, Southern","Texas, Southern",51
2010,Federal,,"Texas, Western","Texas, Western",65
2010,Federal,,Utah,Utah,5
2010,Federal,,Vermont,Vermont,1
2010,Federal,,"Virginia, Eastern","Virginia, Eastern",32
2010,Federal,,"Virginia, Western","Virginia, Western",1
2010,Federal,,"Washington, Eastern","Washington, Eastern",1
2010,Federal,,"Washington, Western","Washington, Western",17
2010,Federal,,"West Virginia, Northern","West Virginia, Northern",2
2010,Federal,,"West Virginia, Southern","West Virginia, Southern",4
2010,Federal,,"Wisconsin, Eastern","Wisconsin, Eastern",16
2010,Federal,,Wyoming,Wyoming,3
2012,Federal,,,"ALABAMA, MIDDLE",16
2012,Federal,,,"ALABAMA, NORTHERN",12
2012,Federal,,,"ALABAMA, SOUTHERN",1
2012,Federal,,,ARIZONA,88
2012,Federal,,,"ARKANSAS, EASTERN",27
2012,Federal,,,"ARKANSAS, WESTERN",8
2012,Federal,,,"CALIFORNIA, CENTRAL",164
2012,Federal,,,"CALIFORNIA, EASTERN",41
2012,Federal,,,"CALIFORNIA, NORTHERN",24
2012,Federal,,,"CALIFORNIA, SOUTHERN",78
2012,Federal,,,COLORADO,62
2012,Federal,,,CONNECTICUT,37
2012,Federal,,,DELAWARE,2
2012,Federal,,,DISTRICT OF COLUMBIA,34
2012,Federal,,,"FLORIDA, MIDDLE",25
2012,Federal,,,"FLORIDA, NORTHERN",4
2012,Federal,,,"FLORIDA, SOUTHERN",68
2012,Federal,,,"GEORGIA, MIDDLE",16
2012,Federal,,,"GEORGIA, NORTHERN",62
2012,Federal,,,"GEORGIA, SOUTHERN",4
2012,Federal,,,HAWAII,13
2012,Federal,,,"ILLINOIS, CENTRAL",4
2012,Federal,,,"ILLINOIS, NORTHERN",131
2012,Federal,,,"ILLINOIS, SOUTHERN",19
2012,Federal,,,"INDIANA, NORTHERN",4
2012,Federal,,,"INDIANA, SOUTHERN",51
2012,Federal,,,"IOWA, NORTHERN",2
2012,Federal,,,"IOWA, SOUTHERN",7
2012,Federal,,,KANSAS,25
2012,Federal,,,"KENTUCKY, EASTERN",15
2012,Federal,,,"KENTUCKY, WESTERN",15
2012,Federal,,,"LOUISIANA, EASTERN",19
2012,Federal,,,"LOUISIANA, MIDDLE",4
2012,Federal,,,"LOUISIANA, WESTERN",21
2012,Federal,,,MAINE,15
2012,Federal,,,MARYLAND,26
2012,Federal,,,MASSACHUSETTS,16
2012,Federal,,,"MICHIGAN, EASTERN",26
2012,Federal,,,"MICHIGAN, WESTERN",1
2012,Federal,,,MINNESOTA,5
2012,Federal,,,"MISSISSIPPI, NORTHERN",11
2012,Federal,,,"MISSISSIPPI, SOUTHERN",6
2012,Federal,,,"MISSOURI, EASTERN",86
2012,Federal,,,"MISSOURI, WESTERN",45
2012,Federal,,,MONTANA,2
2012,Federal,,,NEBRASKA,14
2012,Federal,,,NEVADA,10
2012,Federal,,,NEW JERSEY,21
2012,Federal,,,NEW MEXICO,42
2012,Federal,,,"NEW YORK, EASTERN",22
2012,Federal,,,"NEW YORK, NORTHERN",28
2012,Federal,,,"NEW YORK, SOUTHERN",122
2012,Federal,,,"NEW YORK, WESTERN",14
2012,Federal,,,"NORTH CAROLINA, EASTERN",29
2012,Federal,,,"NORTH CAROLINA, MIDDLE",7
2012,Federal,,,"NORTH CAROLINA, WESTERN",20
2012,Federal,,,"OHIO, NORTHERN",43
2012,Federal,,,"OHIO, SOUTHERN",7
2012,Federal,,,"OKLAHOMA, EASTERN",2
2012,Federal,,,"OKLAHOMA, NORTHERN",1
2012,Federal,,,"OKLAHOMA, WESTERN",20
2012,Federal,,,OREGON,2
2012,Federal,,,"PENNSYLVANIA, EASTERN",20
2012,Federal,,,"PENNSYLVANIA, MIDDLE",1
2012,Federal,,,"PENNSYLVANIA, WESTERN",34
2012,Federal,,,PUERTO RICO,17
2012,Federal,,,RHODE ISLAND,1
2012,Federal,,,SOUTH CAROLINA,3
2012,Federal,,,"TENNESSEE, EASTERN",18
2012,Federal,,,"TENNESSEE, MIDDLE",13
2012,Federal,,,"TENNESSEE, WESTERN",3
2012,Federal,,,"TEXAS, EASTERN",5
2012,Federal,,,"TEXAS, NORTHERN",39
2012,Federal,,,"TEXAS, SOUTHERN",99
2012,Federal,,,"TEXAS, WESTERN",129
2012,Federal,,,UTAH,15
2012,Federal,,,"VIRGINIA, EASTERN",41
2012,Federal,,,"WASHINGTON, EASTERN",6
2012,Federal,,,"WASHINGTON, WESTERN",31
2012,Federal,,,"WEST VIRGINIA, NORTHERN",9
2012,Federal,,,"WISCONSIN, EASTERN",2
2012,Federal,,,WYOMING,7
2012,State,ARIZONA,MARICOPA,"ARIZONA, MARICOPA",13
2012,State,ARIZONA,PIMA,"ARIZONA, PIMA",5
2012,State,ARIZONA,STATE ATTORNEY GENERAL,"ARIZONA, STATE ATTORNEY GENERAL",57
2012,State,ARIZONA,YUMA,"ARIZONA, YUMA",5
2012,State,CALIFORNIA,ALAMEDA,"CALIFORNIA, ALAMEDA",3
2012,State,CALIFORNIA,IMPERIAL,"CALIFORNIA, IMPERIAL",22
2012,State,CALIFORNIA,KERN,"CALIFORNIA, KERN",2
2012,State,CALIFORNIA,LOS ANGELES,"CALIFORNIA, LOS ANGELES",165
2012,State,CALIFORNIA,MERCED,"CALIFORNIA, MERCED",6
2012,State,CALIFORNIA,ORANGE,"CALIFORNIA, ORANGE",13
2012,State,CALIFORNIA,RIVERSIDE,"CALIFORNIA, RIVERSIDE",316
2012,State,CALIFORNIA,SACRAMENTO,"CALIFORNIA, SACRAMENTO",3
2012,State,CALIFORNIA,SAN BERNARDINO,"CALIFORNIA, SAN BERNARDINO",69
2012,State,CALIFORNIA,SAN DIEGO,"CALIFORNIA, SAN DIEGO",37
2012,State,CALIFORNIA,SAN LUIS OBISPO,"CALIFORNIA, SAN LUIS OBISPO",2
2012,State,CALIFORNIA,SAN MATEO,"CALIFORNIA, SAN MATEO",1
2012,State,CALIFORNIA,SANTA BARBARA,"CALIFORNIA, SANTA BARBARA",5
2012,State,CALIFORNIA,SANTA CLARA,"CALIFORNIA, SANTA CLARA",24
2012,State,CALIFORNIA,STANISLAUS,"CALIFORNIA, STANISLAUS",25
2012,State,CALIFORNIA,SUTTER,"CALIFORNIA, SUTTER",3
2012,State,CALIFORNIA,VENTURA,"CALIFORNIA, VENTURA",25
2012,State,COLORADO, 4TH JUDICIAL DISTRICT (EL PASO),"COLORADO, 4TH JUDICIAL DISTRICT (EL PASO)",38
2012,State,COLORADO," 9TH JUDICIAL DISTRICT (GARFIELD, PITKIN, RIO BLANCO)","COLORADO, 9TH JUDICIAL DISTRICT (GARFIELD, PITKIN, RIO BLANCO)",2
2012,State,COLORADO,10TH JUDICIAL DISTRICT (PUEBLO),"COLORADO, 10TH JUDICIAL DISTRICT (PUEBLO)",5
2012,State,COLORADO,17TH JUDICIAL DISTRICT (ADAMS),"COLORADO, 17TH JUDICIAL DISTRICT (ADAMS)",11
2012,State,COLORADO,19TH JUDICIAL DISTRICT (WELD),"COLORADO, 19TH JUDICIAL DISTRICT (WELD)",3
2012,State,COLORADO,20TH JUDICIAL DISTRICT (BOULDER),"COLORADO, 20TH JUDICIAL DISTRICT (BOULDER)",11
2012,State,COLORADO,21ST JUDICIAL DISTRICT (MESA),"COLORADO, 21ST JUDICIAL DISTRICT (MESA)",3
2012,State,COLORADO,STATE ATTORNEY GENERAL,"COLORADO, STATE ATTORNEY GENERAL",9
2012,State,CONNECTICUT,HARTFORD,"CONNECTICUT, HARTFORD",4
2012,State,FLORIDA, 4TH JUDICIAL CIRCUIT (DUVAL),"FLORIDA, 4TH JUDICIAL CIRCUIT (DUVAL)",18
2012,State,FLORIDA, 5TH JUDICIAL CIRCUIT (LAKE/MARION),"FLORIDA, 5TH JUDICIAL CIRCUIT (LAKE/MARION)",10
2012,State,FLORIDA, 8TH JUDICIAL CIRCUIT (ALACHUA),"FLORIDA, 8TH JUDICIAL CIRCUIT (ALACHUA)",10
2012,State,FLORIDA, 9TH JUDICIAL CIRCUIT (ORANGE/OSCEOLA),"FLORIDA, 9TH JUDICIAL CIRCUIT (ORANGE/OSCEOLA)",1
2012,State,FLORIDA,15TH JUDICIAL CIRCUIT (PALM BEACH),"FLORIDA, 15TH JUDICIAL CIRCUIT (PALM BEACH)",7
2012,State,FLORIDA,17TH JUDICIAL CIRCUIT (BROWARD),"FLORIDA, 17TH JUDICIAL CIRCUIT (BROWARD)",1
2012,State,FLORIDA,18TH JUDICIAL CIRCUIT (BREVARD/SEMINOLE),"FLORIDA, 18TH JUDICIAL CIRCUIT (BREVARD/SEMINOLE)",7
2012,State,FLORIDA,19TH JUDICIAL CIRCUIT (SAINT LUCIE),"FLORIDA, 19TH JUDICIAL CIRCUIT (SAINT LUCIE)",2
2012,State,GEORGIA,CHATHAM,"GEORGIA, CHATHAM",1
2012,State,GEORGIA,COBB,"GEORGIA, COBB",70
2012,State,GEORGIA,DEKALB,"GEORGIA, DEKALB",1
2012,State,GEORGIA,DOUGLAS,"GEORGIA, DOUGLAS",14
2012,State,GEORGIA,FLOYD,"GEORGIA, FLOYD",2
2012,State,GEORGIA,GWINNETT,"GEORGIA, GWINNETT",4
2012,State,GEORGIA,HOUSTON,"GEORGIA, HOUSTON",4
2012,State,GEORGIA,LOOKOUT MOUNTAIN,"GEORGIA, LOOKOUT MOUNTAIN",3
2012,State,ILLINOIS,COOK,"ILLINOIS, COOK",33
2012,State,INDIANA,MARION,"INDIANA, MARION",3
2012,State,MARYLAND,BALTIMORE,"MARYLAND, BALTIMORE",5
2012,State,MARYLAND,HARFORD,"MARYLAND, HARFORD",34
2012,State,MARYLAND,KENT,"MARYLAND, KENT",4
2012,State,MARYLAND,WASHINGTON,"MARYLAND, WASHINGTON",2
2012,State,MARYLAND,WICOMICO,"MARYLAND, WICOMICO",1
2012,State,MARYLAND,WORCESTER,"MARYLAND, WORCESTER",4
2012,State,MASSACHUSETTS,BERKSHIRE,"MASSACHUSETTS, BERKSHIRE",3
2012,State,MASSACHUSETTS,BRISTOL,"MASSACHUSETTS, BRISTOL",1
2012,State,MASSACHUSETTS,HAMPDEN,"MASSACHUSETTS, HAMPDEN",12
2012,State,MASSACHUSETTS,SUFFOLK,"MASSACHUSETTS, SUFFOLK",1
2012,State,MINNESOTA,HENNEPIN,"MINNESOTA, HENNEPIN",2
2012,State,MINNESOTA,RAMSEY,"MINNESOTA, RAMSEY",3
2012,State,MISSISSIPPI,ALCORN,"MISSISSIPPI, ALCORN",1
2012,State,MISSISSIPPI,JEFFERSON,"MISSISSIPPI, JEFFERSON",5
2012,State,MISSISSIPPI,LEE,"MISSISSIPPI, LEE",1
2012,State,MISSISSIPPI,LOWNDES,"MISSISSIPPI, LOWNDES",4
2012,State,MISSISSIPPI,MARSHALL,"MISSISSIPPI, MARSHALL",1
2012,State,NEBRASKA,DOUGLAS,"NEBRASKA, DOUGLAS",2
2012,State,NEBRASKA,LANCASTER,"NEBRASKA, LANCASTER",3
2012,State,NEVADA,CLARK,"NEVADA, CLARK",240
2012,State,NEVADA,WASHOE,"NEVADA, WASHOE",2
2012,State,NEW JERSEY,ATLANTIC,"NEW JERSEY, ATLANTIC",2
2012,State,NEW JERSEY,BERGEN,"NEW JERSEY, BERGEN",5
2012,State,NEW JERSEY,BURLINGTON,"NEW JERSEY, BURLINGTON",1
2012,State,NEW JERSEY,CAPE MAY,"NEW JERSEY, CAPE MAY",2
2012,State,NEW JERSEY,CUMBERLAND,"NEW JERSEY, CUMBERLAND",16
2012,State,NEW JERSEY,ESSEX,"NEW JERSEY, ESSEX",6
2012,State,NEW JERSEY,GLOUCESTER,"NEW JERSEY, GLOUCESTER",1
2012,State,NEW JERSEY,HUDSON,"NEW JERSEY, HUDSON",7
2012,State,NEW JERSEY,MIDDLESEX,"NEW JERSEY, MIDDLESEX",2
2012,State,NEW JERSEY,MONMOUTH,"NEW JERSEY, MONMOUTH",11
2012,State,NEW JERSEY,OCEAN,"NEW JERSEY, OCEAN",3
2012,State,NEW JERSEY,SALEM,"NEW JERSEY, SALEM",4
2012,State,NEW JERSEY,SOMERSET,"NEW JERSEY, SOMERSET",7
2012,State,NEW JERSEY,STATE ATTORNEY GENERAL,"NEW JERSEY, STATE ATTORNEY GENERAL",16
2012,State,NEW JERSEY,UNION,"NEW JERSEY, UNION",23
2012,State,NEW YORK,ALBANY,"NEW YORK, ALBANY",3
2012,State,NEW YORK,CLINTON,"NEW YORK, CLINTON",5
2012,State,NEW YORK,ERIE,"NEW YORK, ERIE",1
2012,State,NEW YORK,FULTON,"NEW YORK, FULTON",1
2012,State,NEW YORK,KINGS,"NEW YORK, KINGS",4
2012,State,NEW YORK,MONROE,"NEW YORK, MONROE",1
2012,State,NEW YORK,MONTGOMERY,"NEW YORK, MONTGOMERY",6
2012,State,NEW YORK,NASSAU,"NEW YORK, NASSAU",5
2012,State,NEW YORK,NY ORGANIZED CRIME TASK FORCE,"NEW YORK, NY ORGANIZED CRIME TASK FORCE",11
2012,State,NEW YORK,NYC SPECIAL NARCOTICS BUREAU,"NEW YORK, NYC SPECIAL NARCOTICS BUREAU",101
2012,State,NEW YORK,QUEENS,"NEW YORK, QUEENS",328
2012,State,NEW YORK,RICHMOND,"NEW YORK, RICHMOND",28
2012,State,NEW YORK,SAINT LAWRENCE,"NEW YORK, SAINT LAWRENCE",1
2012,State,NEW YORK,SCHENECTADY,"NEW YORK, SCHENECTADY",1
2012,State,NEW YORK,STATE ATTORNEY GENERAL,"NEW YORK, STATE ATTORNEY GENERAL",14
2012,State,NEW YORK,SUFFOLK,"NEW YORK, SUFFOLK",56
2012,State,NEW YORK,WAYNE,"NEW YORK, WAYNE",15
2012,State,NEW YORK,WESTCHESTER,"NEW YORK, WESTCHESTER",16
2012,State,NORTH CAROLINA,STATE ATTORNEY GENERAL,"NORTH CAROLINA, STATE ATTORNEY GENERAL",21
2012,State,OHIO,FRANKLIN,"OHIO, FRANKLIN",1
2012,State,OHIO,HAMILTON,"OHIO, HAMILTON",6
2012,State,OKLAHOMA,STATE ATTORNEY GENERAL,"OKLAHOMA, STATE ATTORNEY GENERAL",9
2012,State,PENNSYLVANIA,BUCKS,"PENNSYLVANIA, BUCKS",4
2012,State,PENNSYLVANIA,HUNTINGDON,"PENNSYLVANIA, HUNTINGDON",1
2012,State,PENNSYLVANIA,LYCOMING,"PENNSYLVANIA, LYCOMING",1
2012,State,PENNSYLVANIA,MONTGOMERY,"PENNSYLVANIA, MONTGOMERY",11
2012,State,PENNSYLVANIA,SCHUYLKILL,"PENNSYLVANIA, SCHUYLKILL",3
2012,State,PENNSYLVANIA,STATE ATTORNEY GENERAL,"PENNSYLVANIA, STATE ATTORNEY GENERAL",30
2012,State,TENNESSEE,20TH JUDICIAL DISTRICT (DAVIDSON),"TENNESSEE, 20TH JUDICIAL DISTRICT (DAVIDSON)",23
2012,State,TENNESSEE,24TH JUDICIAL DISTRICT (DECATUR),"TENNESSEE, 24TH JUDICIAL DISTRICT (DECATUR)",1
2012,State,TENNESSEE,30TH JUDICIAL DISTRICT (SHELBY),"TENNESSEE, 30TH JUDICIAL DISTRICT (SHELBY)",11
2012,State,TENNESSEE,6TH JUDICIAL DISTRICT (KNOX),"TENNESSEE, 6TH JUDICIAL DISTRICT (KNOX)",2
2012,State,TEXAS,DALLAS,"TEXAS, DALLAS",2
2012,State,TEXAS,EL PASO,"TEXAS, EL PASO",1
2012,State,TEXAS,HARRIS,"TEXAS, HARRIS",1
2012,State,TEXAS,TOM GREEN,"TEXAS, TOM GREEN",1
2012,State,TEXAS,TRAVIS,"TEXAS, TRAVIS",5
2012,State,VIRGINIA,STATE ATTORNEY GENERAL,"VIRGINIA, STATE ATTORNEY GENERAL",9
2012,State,WYOMING,LARAMIE,"WYOMING, LARAMIE",6
2012,State,WYOMING,SHERIDAN,"WYOMING, SHERIDAN",3
2013,Federal,,,"ALABAMA, MIDDLE",5
2013,Federal,,,"ALABAMA, NORTHERN",30
2013,Federal,,,"ALABAMA, SOUTHERN",20
2013,Federal,,,ALASKA,4
2013,Federal,,,ARIZONA,113
2013,Federal,,,"ARKANSAS, EASTERN",26
2013,Federal,,,"ARKANSAS, WESTERN",6
2013,Federal,,,"CALIFORNIA, CENTRAL",150
2013,Federal,,,"CALIFORNIA, EASTERN",35
2013,Federal,,,"CALIFORNIA, NORTHERN",42
2013,Federal,,,"CALIFORNIA, SOUTHERN",207
2013,Federal,,,COLORADO,121
2013,Federal,,,CONNECTICUT,50
2013,Federal,,,DELAWARE,5
2013,Federal,,,DISTRICT OF COLUMBIA,44
2013,Federal,,,"FLORIDA, MIDDLE",40
2013,Federal,,,"FLORIDA, NORTHERN",4
2013,Federal,,,"FLORIDA, SOUTHERN",78
2013,Federal,,,"GEORGIA, MIDDLE",11
2013,Federal,,,"GEORGIA, NORTHERN",64
2013,Federal,,,"GEORGIA, SOUTHERN",18
2013,Federal,,,HAWAII,1
2013,Federal,,,IDAHO,6
2013,Federal,,,"ILLINOIS, CENTRAL",1
2013,Federal,,,"ILLINOIS, NORTHERN",66
2013,Federal,,,"ILLINOIS, SOUTHERN",6
2013,Federal,,,"INDIANA, NORTHERN",12
2013,Federal,,,"INDIANA, SOUTHERN",50
2013,Federal,,,"IOWA, NORTHERN",10
2013,Federal,,,"IOWA, SOUTHERN",8
2013,Federal,,,KANSAS,23
2013,Federal,,,"KENTUCKY, EASTERN",21
2013,Federal,,,"KENTUCKY, WESTERN",49
2013,Federal,,,"LOUISIANA, EASTERN",27
2013,Federal,,,"LOUISIANA, MIDDLE",8
2013,Federal,,,"LOUISIANA, WESTERN",23
2013,Federal,,,MAINE,20
2013,Federal,,,MARYLAND,25
2013,Federal,,,MASSACHUSETTS,37
2013,Federal,,,"MICHIGAN, EASTERN",12
2013,Federal,,,"MISSISSIPPI, NORTHERN",8
2013,Federal,,,"MISSISSIPPI, SOUTHERN",23
2013,Federal,,,"MISSOURI, EASTERN",92
2013,Federal,,,"MISSOURI, WESTERN",34
2013,Federal,,,NEBRASKA,17
2013,Federal,,,NEVADA,38
2013,Federal,,,NEW HAMPSHIRE,5
2013,Federal,,,NEW JERSEY,22
2013,Federal,,,NEW MEXICO,28
2013,Federal,,,"NEW YORK, EASTERN",11
2013,Federal,,,"NEW YORK, NORTHERN",9
2013,Federal,,,"NEW YORK, SOUTHERN",45
2013,Federal,,,"NEW YORK, WESTERN",12
2013,Federal,,,"NORTH CAROLINA, EASTERN",26
2013,Federal,,,"NORTH CAROLINA, MIDDLE",2
2013,Federal,,,"NORTH CAROLINA, WESTERN",6
2013,Federal,,,NORTH DAKOTA,2
2013,Federal,,,"OHIO, NORTHERN",20
2013,Federal,,,"OHIO, SOUTHERN",8
2013,Federal,,,"OKLAHOMA, NORTHERN",6
2013,Federal,,,"OKLAHOMA, WESTERN",14
2013,Federal,,,OREGON,21
2013,Federal,,,"PENNSYLVANIA, EASTERN",37
2013,Federal,,,"PENNSYLVANIA, MIDDLE",22
2013,Federal,,,"PENNSYLVANIA, WESTERN",31
2013,Federal,,,PUERTO RICO,17
2013,Federal,,,RHODE ISLAND,3
2013,Federal,,,SOUTH CAROLINA,14
2013,Federal,,,"TENNESSEE, EASTERN",36
2013,Federal,,,"TENNESSEE, MIDDLE",41
2013,Federal,,,"TENNESSEE, WESTERN",26
2013,Federal,,,"TEXAS, EASTERN",15
2013,Federal,,,"TEXAS, NORTHERN",48
2013,Federal,,,"TEXAS, SOUTHERN",134
2013,Federal,,,"TEXAS, WESTERN",86
2013,Federal,,,UTAH,10
2013,Federal,,,"VIRGINIA, EASTERN",46
2013,Federal,,,"VIRGINIA, WESTERN",3
2013,Federal,,,"WASHINGTON, WESTERN",10
2013,Federal,,,"WEST VIRGINIA, NORTHERN",3
2013,Federal,,,"WEST VIRGINIA, SOUTHERN",7
2013,Federal,,,"WISCONSIN, EASTERN",9
2013,Federal,,,"WISCONSIN, WESTERN",4
2013,Federal,,,WYOMING,1
2013,State,ARIZONA,MARICOPA,"ARIZONA, MARICOPA",5
2013,State,ARIZONA,STATE ATTORNEY GENERAL,"ARIZONA, STATE ATTORNEY GENERAL",38
2013,State,ARIZONA,YUMA,"ARIZONA, YUMA",3
2013,State,CALIFORNIA,ALAMEDA,"CALIFORNIA, ALAMEDA",20
2013,State,CALIFORNIA,CONTRA COSTA,"CALIFORNIA, CONTRA COSTA",4
2013,State,CALIFORNIA,FRESNO,"CALIFORNIA, FRESNO",5
2013,State,CALIFORNIA,IMPERIAL,"CALIFORNIA, IMPERIAL",2
2013,State,CALIFORNIA,KERN,"CALIFORNIA, KERN",10
2013,State,CALIFORNIA,KINGS,"CALIFORNIA, KINGS",15
2013,State,CALIFORNIA,LOS ANGELES,"CALIFORNIA, LOS ANGELES",148
2013,State,CALIFORNIA,MERCED,"CALIFORNIA, MERCED",1
2013,State,CALIFORNIA,MONTEREY,"CALIFORNIA, MONTEREY",11
2013,State,CALIFORNIA,ORANGE,"CALIFORNIA, ORANGE",4
2013,State,CALIFORNIA,RIVERSIDE,"CALIFORNIA, RIVERSIDE",341
2013,State,CALIFORNIA,SACRAMENTO,"CALIFORNIA, SACRAMENTO",8
2013,State,CALIFORNIA,SAN BERNARDINO,"CALIFORNIA, SAN BERNARDINO",43
2013,State,CALIFORNIA,SAN DIEGO,"CALIFORNIA, SAN DIEGO",18
2013,State,CALIFORNIA,SAN JOAQUIN,"CALIFORNIA, SAN JOAQUIN",9
2013,State,CALIFORNIA,SAN LUIS OBISPO,"CALIFORNIA, SAN LUIS OBISPO",3
2013,State,CALIFORNIA,SAN MATEO,"CALIFORNIA, SAN MATEO",1
2013,State,CALIFORNIA,SANTA BARBARA,"CALIFORNIA, SANTA BARBARA",5
2013,State,CALIFORNIA,SANTA CLARA,"CALIFORNIA, SANTA CLARA",14
2013,State,CALIFORNIA,SHASTA,"CALIFORNIA, SHASTA",2
2013,State,CALIFORNIA,STANISLAUS,"CALIFORNIA, STANISLAUS",13
2013,State,CALIFORNIA,VENTURA,"CALIFORNIA, VENTURA",13
2013,State,COLORADO, 1ST JUDICIAL DISTRICT (JEFFERSON),"COLORADO, 1ST JUDICIAL DISTRICT (JEFFERSON)",2
2013,State,COLORADO, 4TH JUDICIAL DISTRICT (EL PASO),"COLORADO, 4TH JUDICIAL DISTRICT (EL PASO)",12
2013,State,COLORADO, 8TH JUDICIAL DISTRICT (JACKSON/LARIMER),"COLORADO, 8TH JUDICIAL DISTRICT (JACKSON/LARIMER)",5
2013,State,COLORADO,10TH JUDICIAL DISTRICT (PUEBLO),"COLORADO, 10TH JUDICIAL DISTRICT (PUEBLO)",9
2013,State,COLORADO,17TH JUDICIAL DISTRICT (ADAMS),"COLORADO, 17TH JUDICIAL DISTRICT (ADAMS)",26
2013,State,COLORADO,18TH JUDICIAL DISTRICT (ARAPAHOE),"COLORADO, 18TH JUDICIAL DISTRICT (ARAPAHOE)",1
2013,State,COLORADO,19TH JUDICIAL DISTRICT (WELD),"COLORADO, 19TH JUDICIAL DISTRICT (WELD)",4
2013,State,COLORADO,20TH JUDICIAL DISTRICT (BOULDER),"COLORADO, 20TH JUDICIAL DISTRICT (BOULDER)",2
2013,State,COLORADO,21ST JUDICIAL DISTRICT (MESA),"COLORADO, 21ST JUDICIAL DISTRICT (MESA)",15
2013,State,CONNECTICUT,HARTFORD,"CONNECTICUT, HARTFORD",3
2013,State,FLORIDA, 4TH JUDICIAL CIRCUIT (DUVAL),"FLORIDA, 4TH JUDICIAL CIRCUIT (DUVAL)",62
2013,State,FLORIDA, 5TH JUDICIAL CIRCUIT (LAKE/MARION),"FLORIDA, 5TH JUDICIAL CIRCUIT (LAKE/MARION)",8
2013,State,FLORIDA, 6TH JUDICIAL CIRCUIT (PINELLAS),"FLORIDA, 6TH JUDICIAL CIRCUIT (PINELLAS)",1
2013,State,FLORIDA, 7TH JUDICIAL CIRCUIT (VOLUSIA),"FLORIDA, 7TH JUDICIAL CIRCUIT (VOLUSIA)",6
2013,State,FLORIDA, 8TH JUDICIAL CIRCUIT (ALACHUA),"FLORIDA, 8TH JUDICIAL CIRCUIT (ALACHUA)",3
2013,State,FLORIDA, 9TH JUDICIAL CIRCUIT (ORANGE/OSCEOLA),"FLORIDA, 9TH JUDICIAL CIRCUIT (ORANGE/OSCEOLA)",3
2013,State,FLORIDA,12TH JUDICIAL CIRCUIT (SARASOTA),"FLORIDA, 12TH JUDICIAL CIRCUIT (SARASOTA)",1
2013,State,FLORIDA,15TH JUDICIAL CIRCUIT (PALM BEACH),"FLORIDA, 15TH JUDICIAL CIRCUIT (PALM BEACH)",3
2013,State,FLORIDA,17TH JUDICIAL CIRCUIT (BROWARD),"FLORIDA, 17TH JUDICIAL CIRCUIT (BROWARD)",3
2013,State,FLORIDA,18TH JUDICIAL CIRCUIT (BREVARD/SEMINOLE),"FLORIDA, 18TH JUDICIAL CIRCUIT (BREVARD/SEMINOLE)",9
2013,State,FLORIDA,19TH JUDICIAL CIRCUIT (SAINT LUCIE),"FLORIDA, 19TH JUDICIAL CIRCUIT (SAINT LUCIE)",9
2013,State,FLORIDA,STATE ATTORNEY GENERAL,"FLORIDA, STATE ATTORNEY GENERAL",54
2013,State,GEORGIA,BELL-FORSYTH,"GEORGIA, BELL-FORSYTH",4
2013,State,GEORGIA,CARROLL,"GEORGIA, CARROLL",1
2013,State,GEORGIA,CHATHAM,"GEORGIA, CHATHAM",5
2013,State,GEORGIA,CHEROKEE,"GEORGIA, CHEROKEE",39
2013,State,GEORGIA,COBB,"GEORGIA, COBB",47
2013,State,GEORGIA,DEKALB,"GEORGIA, DEKALB",3
2013,State,GEORGIA,DOUGLAS,"GEORGIA, DOUGLAS",3
2013,State,GEORGIA,FULTON,"GEORGIA, FULTON",67
2013,State,GEORGIA,GWINNETT,"GEORGIA, GWINNETT",5
2013,State,GEORGIA,HOUSTON,"GEORGIA, HOUSTON",5
2013,State,GEORGIA,OCONEE,"GEORGIA, OCONEE",3
2013,State,GEORGIA,ROCKDALE,"GEORGIA, ROCKDALE",4
2013,State,GEORGIA,SUMTER,"GEORGIA, SUMTER",2
2013,State,GEORGIA,WAYCROSS,"GEORGIA, WAYCROSS",4
2013,State,GEORGIA,WHITE,"GEORGIA, WHITE",1
2013,State,ILLINOIS,COOK,"ILLINOIS, COOK",24
2013,State,ILLINOIS,DUPAGE,"ILLINOIS, DUPAGE",22
2013,State,ILLINOIS,LAKE,"ILLINOIS, LAKE",12
2013,State,ILLINOIS,WINNEBAGO,"ILLINOIS, WINNEBAGO",3
2013,State,KANSAS,FORD,"KANSAS, FORD",1
2013,State,KANSAS,GEARY,"KANSAS, GEARY",7
2013,State,KANSAS,JOHNSON,"KANSAS, JOHNSON",6
2013,State,LOUISIANA, 4TH JUDICIAL DISTRICT (OUACHITA AND MOREHOUSE),"LOUISIANA, 4TH JUDICIAL DISTRICT (OUACHITA AND MOREHOUSE)",2
2013,State,LOUISIANA,24TH JUDICIAL DISTRICT (JEFFERSON),"LOUISIANA, 24TH JUDICIAL DISTRICT (JEFFERSON)",1
2013,State,MARYLAND,BALTIMORE,"MARYLAND, BALTIMORE",9
2013,State,MARYLAND,BALTIMORE CITY,"MARYLAND, BALTIMORE CITY",2
2013,State,MARYLAND,FREDERICK,"MARYLAND, FREDERICK",4
2013,State,MARYLAND,HARFORD,"MARYLAND, HARFORD",20
2013,State,MARYLAND,HOWARD,"MARYLAND, HOWARD",8
2013,State,MARYLAND,QUEEN ANNE'S,"MARYLAND, QUEEN ANNE'S",6
2013,State,MARYLAND,STATE ATTORNEY GENERAL,"MARYLAND, STATE ATTORNEY GENERAL",2
2013,State,MARYLAND,WICOMICO,"MARYLAND, WICOMICO",1
2013,State,MASSACHUSETTS,BERKSHIRE,"MASSACHUSETTS, BERKSHIRE",10
2013,State,MASSACHUSETTS,MIDDLESEX,"MASSACHUSETTS, MIDDLESEX",1
2013,State,MASSACHUSETTS,SUFFOLK,"MASSACHUSETTS, SUFFOLK",1
2013,State,MINNESOTA,RAMSEY,"MINNESOTA, RAMSEY",4
2013,State,MISSISSIPPI,COVINGTON,"MISSISSIPPI, COVINGTON",4
2013,State,MISSISSIPPI,LEE,"MISSISSIPPI, LEE",1
2013,State,MISSISSIPPI,NEWTON,"MISSISSIPPI, NEWTON",3
2013,State,MISSISSIPPI,OKTIBBEHA,"MISSISSIPPI, OKTIBBEHA",3
2013,State,MISSISSIPPI,TISHOMINGO,"MISSISSIPPI, TISHOMINGO",1
2013,State,NEBRASKA,DOUGLAS,"NEBRASKA, DOUGLAS",10
2013,State,NEBRASKA,LANCASTER,"NEBRASKA, LANCASTER",2
2013,State,NEVADA,CLARK,"NEVADA, CLARK",189
2013,State,NEW JERSEY,ATLANTIC,"NEW JERSEY, ATLANTIC",6
2013,State,NEW JERSEY,CAMDEN,"NEW JERSEY, CAMDEN",8
2013,State,NEW JERSEY,CAPE MAY,"NEW JERSEY, CAPE MAY",7
2013,State,NEW JERSEY,CUMBERLAND,"NEW JERSEY, CUMBERLAND",3
2013,State,NEW JERSEY,ESSEX,"NEW JERSEY, ESSEX",9
2013,State,NEW JERSEY,GLOUCESTER,"NEW JERSEY, GLOUCESTER",4
2013,State,NEW JERSEY,HUDSON,"NEW JERSEY, HUDSON",19
2013,State,NEW JERSEY,MERCER,"NEW JERSEY, MERCER",4
2013,State,NEW JERSEY,MIDDLESEX,"NEW JERSEY, MIDDLESEX",4
2013,State,NEW JERSEY,MONMOUTH,"NEW JERSEY, MONMOUTH",8
2013,State,NEW JERSEY,MORRIS,"NEW JERSEY, MORRIS",6
2013,State,NEW JERSEY,OCEAN,"NEW JERSEY, OCEAN",6
2013,State,NEW JERSEY,PASSAIC,"NEW JERSEY, PASSAIC",1
2013,State,NEW JERSEY,SALEM,"NEW JERSEY, SALEM",14
2013,State,NEW JERSEY,SOMERSET,"NEW JERSEY, SOMERSET",21
2013,State,NEW JERSEY,STATE ATTORNEY GENERAL,"NEW JERSEY, STATE ATTORNEY GENERAL",34
2013,State,NEW JERSEY,UNION,"NEW JERSEY, UNION",7
2013,State,NEW MEXICO," 8TH JUDICIAL DISTRICT (TAOS, COLFAX, UNION)","NEW MEXICO, 8TH JUDICIAL DISTRICT (TAOS, COLFAX, UNION)",1
2013,State,NEW YORK,BRONX,"NEW YORK, BRONX",27
2013,State,NEW YORK,ERIE,"NEW YORK, ERIE",1
2013,State,NEW YORK,KINGS,"NEW YORK, KINGS",10
2013,State,NEW YORK,MONROE,"NEW YORK, MONROE",1
2013,State,NEW YORK,NASSAU,"NEW YORK, NASSAU",1
2013,State,NEW YORK,NEW YORK,"NEW YORK, NEW YORK",53
2013,State,NEW YORK,NY ORGANIZED CRIME TASK FORCE,"NEW YORK, NY ORGANIZED CRIME TASK FORCE",7
2013,State,NEW YORK,NYC SPECIAL NARCOTICS BUREAU,"NEW YORK, NYC SPECIAL NARCOTICS BUREAU",138
2013,State,NEW YORK,ONEIDA,"NEW YORK, ONEIDA",1
2013,State,NEW YORK,QUEENS,"NEW YORK, QUEENS",291
2013,State,NEW YORK,RICHMOND,"NEW YORK, RICHMOND",30
2013,State,NEW YORK,STATE ATTORNEY GENERAL,"NEW YORK, STATE ATTORNEY GENERAL",2
2013,State,NEW YORK,SUFFOLK,"NEW YORK, SUFFOLK",18
2013,State,NEW YORK,WAYNE,"NEW YORK, WAYNE",3
2013,State,NORTH CAROLINA,STATE ATTORNEY GENERAL,"NORTH CAROLINA, STATE ATTORNEY GENERAL",23
2013,State,OHIO,CUYAHOGA,"OHIO, CUYAHOGA",2
2013,State,OHIO,FRANKLIN,"OHIO, FRANKLIN",1
2013,State,OHIO,HAMILTON,"OHIO, HAMILTON",6
2013,State,OKLAHOMA,STATE ATTORNEY GENERAL,"OKLAHOMA, STATE ATTORNEY GENERAL",9
2013,State,OREGON,BENTON,"OREGON, BENTON",10
2013,State,OREGON,LANE,"OREGON, LANE",1
2013,State,OREGON,MARION,"OREGON, MARION",3
2013,State,PENNSYLVANIA,BERKS,"PENNSYLVANIA, BERKS",7
2013,State,PENNSYLVANIA,LYCOMING,"PENNSYLVANIA, LYCOMING",1
2013,State,PENNSYLVANIA,MONTGOMERY,"PENNSYLVANIA, MONTGOMERY",12
2013,State,PENNSYLVANIA,PHILADELPHIA,"PENNSYLVANIA, PHILADELPHIA",27
2013,State,PENNSYLVANIA,POTTER,"PENNSYLVANIA, POTTER",1
2013,State,PENNSYLVANIA,STATE ATTORNEY GENERAL,"PENNSYLVANIA, STATE ATTORNEY GENERAL",26
2013,State,TENNESSEE,10TH JUDICIAL DISTRICT (BRADLEY),"TENNESSEE, 10TH JUDICIAL DISTRICT (BRADLEY)",3
2013,State,TENNESSEE,11TH JUDICIAL CIRCUIT (HAMILTON),"TENNESSEE, 11TH JUDICIAL CIRCUIT (HAMILTON)",4
2013,State,TENNESSEE,16TH JUDICIAL DISTRICT (RUTHERFORD),"TENNESSEE, 16TH JUDICIAL DISTRICT (RUTHERFORD)",3
2013,State,TENNESSEE,18TH JUDICIAL DISTRICT (SUMNER),"TENNESSEE, 18TH JUDICIAL DISTRICT (SUMNER)",4
2013,State,TENNESSEE,19TH JUDICIAL DISTRICT (MONTGOMERY),"TENNESSEE, 19TH JUDICIAL DISTRICT (MONTGOMERY)",11
2013,State,TENNESSEE,30TH JUDICIAL DISTRICT (SHELBY),"TENNESSEE, 30TH JUDICIAL DISTRICT (SHELBY)",1
2013,State,TEXAS,BURNET,"TEXAS, BURNET",4
2013,State,TEXAS,EL PASO,"TEXAS, EL PASO",3
2013,State,TEXAS,HARRIS,"TEXAS, HARRIS",1
2013,State,UTAH,UTAH,"UTAH, UTAH",2
2013,State,WISCONSIN,DANE,"WISCONSIN, DANE",2
2013,State,WYOMING,FREMONT,"WYOMING, FREMONT",1
2013,State,WYOMING,NATRONA,"WYOMING, NATRONA",4
2014,Federal,,,"ALABAMA, MIDDLE",11
2014,Federal,,,"ALABAMA, NORTHERN",19
2014,Federal,,,"ALABAMA, SOUTHERN",3
2014,Federal,,,ALASKA,1
2014,Federal,,,ARIZONA,105
2014,Federal,,,"ARKANSAS, EASTERN",41
2014,Federal,,,"ARKANSAS, WESTERN",14
2014,Federal,,,"CALIFORNIA, CENTRAL",65
2014,Federal,,,"CALIFORNIA, EASTERN",31
2014,Federal,,,"CALIFORNIA, NORTHERN",29
2014,Federal,,,"CALIFORNIA, SOUTHERN",87
2014,Federal,,,COLORADO,102
2014,Federal,,,CONNECTICUT,29
2014,Federal,,,DELAWARE,9
2014,Federal,,,DISTRICT OF COLUMBIA,25
2014,Federal,,,"FLORIDA, MIDDLE",43
2014,Federal,,,"FLORIDA, NORTHERN",3
2014,Federal,,,"FLORIDA, SOUTHERN",31
2014,Federal,,,"GEORGIA, MIDDLE",11
2014,Federal,,,"GEORGIA, NORTHERN",56
2014,Federal,,,"GEORGIA, SOUTHERN",6
2014,Federal,,,HAWAII,21
2014,Federal,,,IDAHO,5
2014,Federal,,,"ILLINOIS, NORTHERN",96
2014,Federal,,,"ILLINOIS, SOUTHERN",5
2014,Federal,,,"INDIANA, NORTHERN",4
2014,Federal,,,"INDIANA, SOUTHERN",15
2014,Federal,,,"IOWA, NORTHERN",2
2014,Federal,,,"IOWA, SOUTHERN",1
2014,Federal,,,KANSAS,35
2014,Federal,,,"KENTUCKY, EASTERN",10
2014,Federal,,,"KENTUCKY, WESTERN",21
2014,Federal,,,"LOUISIANA, EASTERN",21
2014,Federal,,,"LOUISIANA, MIDDLE",4
2014,Federal,,,"LOUISIANA, WESTERN",12
2014,Federal,,,MAINE,17
2014,Federal,,,MARYLAND,44
2014,Federal,,,MASSACHUSETTS,40
2014,Federal,,,"MICHIGAN, EASTERN",5
2014,Federal,,,"MICHIGAN, WESTERN",13
2014,Federal,,,MINNESOTA,24
2014,Federal,,,"MISSISSIPPI, NORTHERN",8
2014,Federal,,,"MISSISSIPPI, SOUTHERN",8
2014,Federal,,,"MISSOURI, EASTERN",53
2014,Federal,,,"MISSOURI, WESTERN",39
2014,Federal,,,MONTANA,4
2014,Federal,,,NEBRASKA,4
2014,Federal,,,NEVADA,14
2014,Federal,,,NEW HAMPSHIRE,17
2014,Federal,,,NEW JERSEY,40
2014,Federal,,,NEW MEXICO,34
2014,Federal,,,"NEW YORK, EASTERN",23
2014,Federal,,,"NEW YORK, NORTHERN",10
2014,Federal,,,"NEW YORK, SOUTHERN",112
2014,Federal,,,"NEW YORK, WESTERN",8
2014,Federal,,,"NORTH CAROLINA, EASTERN",26
2014,Federal,,,"NORTH CAROLINA, WESTERN",18
2014,Federal,,,"OHIO, NORTHERN",58
2014,Federal,,,"OHIO, SOUTHERN",30
2014,Federal,,,"OKLAHOMA, EASTERN",2
2014,Federal,,,"OKLAHOMA, NORTHERN",16
2014,Federal,,,"OKLAHOMA, WESTERN",26
2014,Federal,,,OREGON,64
2014,Federal,,,"PENNSYLVANIA, EASTERN",19
2014,Federal,,,"PENNSYLVANIA, MIDDLE",13
2014,Federal,,,"PENNSYLVANIA, WESTERN",45
2014,Federal,,,PUERTO RICO,9
2014,Federal,,,RHODE ISLAND,7
2014,Federal,,,SOUTH CAROLINA,20
2014,Federal,,,"TENNESSEE, EASTERN",25
2014,Federal,,,"TENNESSEE, MIDDLE",23
2014,Federal,,,"TENNESSEE, WESTERN",34
2014,Federal,,,"TEXAS, EASTERN",4
2014,Federal,,,"TEXAS, NORTHERN",41
2014,Federal,,,"TEXAS, SOUTHERN",66
2014,Federal,,,"TEXAS, WESTERN",84
2014,Federal,,,UTAH,9
2014,Federal,,,"VIRGINIA, EASTERN",30
2014,Federal,,,"WASHINGTON, EASTERN",5
2014,Federal,,,"WASHINGTON, WESTERN",12
2014,Federal,,,"WEST VIRGINIA, NORTHERN",2
2014,Federal,,,"WEST VIRGINIA, SOUTHERN",1
2014,Federal,,,"WISCONSIN, EASTERN",2
2014,State,ARIZONA,MARICOPA,"ARIZONA, MARICOPA",15
2014,State,ARIZONA,PIMA,"ARIZONA, PIMA",10
2014,State,CALIFORNIA,ALAMEDA,"CALIFORNIA, ALAMEDA",10
2014,State,CALIFORNIA,CONTRA COSTA,"CALIFORNIA, CONTRA COSTA",6
2014,State,CALIFORNIA,EL DORADO,"CALIFORNIA, EL DORADO",2
2014,State,CALIFORNIA,FRESNO,"CALIFORNIA, FRESNO",24
2014,State,CALIFORNIA,KERN,"CALIFORNIA, KERN",19
2014,State,CALIFORNIA,KINGS,"CALIFORNIA, KINGS",2
2014,State,CALIFORNIA,LOS ANGELES,"CALIFORNIA, LOS ANGELES",129
2014,State,CALIFORNIA,MADERA,"CALIFORNIA, MADERA",8
2014,State,CALIFORNIA,MERCED,"CALIFORNIA, MERCED",1
2014,State,CALIFORNIA,NAPA,"CALIFORNIA, NAPA",1
2014,State,CALIFORNIA,ORANGE,"CALIFORNIA, ORANGE",3
2014,State,CALIFORNIA,PLACER,"CALIFORNIA, PLACER",2
2014,State,CALIFORNIA,RIVERSIDE,"CALIFORNIA, RIVERSIDE",624
2014,State,CALIFORNIA,SACRAMENTO,"CALIFORNIA, SACRAMENTO",6
2014,State,CALIFORNIA,SAN BERNARDINO,"CALIFORNIA, SAN BERNARDINO",30
2014,State,CALIFORNIA,SAN DIEGO,"CALIFORNIA, SAN DIEGO",14
2014,State,CALIFORNIA,SAN JOAQUIN,"CALIFORNIA, SAN JOAQUIN",18
2014,State,CALIFORNIA,SANTA BARBARA,"CALIFORNIA, SANTA BARBARA",4
2014,State,CALIFORNIA,SANTA CLARA,"CALIFORNIA, SANTA CLARA",13
2014,State,CALIFORNIA,SONOMA,"CALIFORNIA, SONOMA",2
2014,State,CALIFORNIA,STANISLAUS,"CALIFORNIA, STANISLAUS",14
2014,State,CALIFORNIA,TULARE,"CALIFORNIA, TULARE",11
2014,State,CALIFORNIA,VENTURA,"CALIFORNIA, VENTURA",28
2014,State,COLORADO,10TH JUDICIAL DISTRICT (PUEBLO),"COLORADO, 10TH JUDICIAL DISTRICT (PUEBLO)",8
2014,State,COLORADO,17TH JUDICIAL DISTRICT (ADAMS),"COLORADO, 17TH JUDICIAL DISTRICT (ADAMS)",15
2014,State,COLORADO,18TH JUDICIAL DISTRICT (ARAPAHOE),"COLORADO, 18TH JUDICIAL DISTRICT (ARAPAHOE)",20
2014,State,COLORADO,19TH JUDICIAL DISTRICT (WELD),"COLORADO, 19TH JUDICIAL DISTRICT (WELD)",8
2014,State,COLORADO,20TH JUDICIAL DISTRICT (BOULDER),"COLORADO, 20TH JUDICIAL DISTRICT (BOULDER)",2
2014,State,COLORADO,21ST JUDICIAL DISTRICT (MESA),"COLORADO, 21ST JUDICIAL DISTRICT (MESA)",5
2014,State,COLORADO,4TH JUDICIAL DISTRICT (EL PASO),"COLORADO, 4TH JUDICIAL DISTRICT (EL PASO)",17
2014,State,COLORADO,6TH JUDICIAL DISTRICT (LA PLATA),"COLORADO, 6TH JUDICIAL DISTRICT (LA PLATA)",8
2014,State,COLORADO,8TH JUDICIAL DISTRICT (JACKSON/LARIMER),"COLORADO, 8TH JUDICIAL DISTRICT (JACKSON/LARIMER)",5
2014,State,COLORADO,"9TH JUDICIAL DISTRICT (GARFIELD, PITKIN, RIO BLANCO)","COLORADO, 9TH JUDICIAL DISTRICT (GARFIELD, PITKIN, RIO BLANCO)",10
2014,State,COLORADO,STATE ATTORNEY GENERAL,"COLORADO, STATE ATTORNEY GENERAL",87
2014,State,DELAWARE,NEW CASTLE,"DELAWARE, NEW CASTLE",1
2014,State,FLORIDA,13TH JUDICIAL CIRCUIT (HILLSBOROUGH),"FLORIDA, 13TH JUDICIAL CIRCUIT (HILLSBOROUGH)",10
2014,State,FLORIDA,14TH JUDICIAL CIRCUIT (BAY),"FLORIDA, 14TH JUDICIAL CIRCUIT (BAY)",2
2014,State,FLORIDA,18TH JUDICIAL CIRCUIT (BREVARD/SEMINOLE),"FLORIDA, 18TH JUDICIAL CIRCUIT (BREVARD/SEMINOLE)",16
2014,State,FLORIDA,19TH JUDICIAL CIRCUIT (SAINT LUCIE),"FLORIDA, 19TH JUDICIAL CIRCUIT (SAINT LUCIE)",5
2014,State,FLORIDA,20TH JUDICIAL CIRCUIT (LEE),"FLORIDA, 20TH JUDICIAL CIRCUIT (LEE)",5
2014,State,FLORIDA,4TH JUDICIAL CIRCUIT (DUVAL),"FLORIDA, 4TH JUDICIAL CIRCUIT (DUVAL)",33
2014,State,FLORIDA,5TH JUDICIAL CIRCUIT (LAKE/MARION),"FLORIDA, 5TH JUDICIAL CIRCUIT (LAKE/MARION)",7
2014,State,FLORIDA,6TH JUDICIAL CIRCUIT (PINELLAS),"FLORIDA, 6TH JUDICIAL CIRCUIT (PINELLAS)",4
2014,State,FLORIDA,7TH JUDICIAL CIRCUIT (VOLUSIA),"FLORIDA, 7TH JUDICIAL CIRCUIT (VOLUSIA)",5
2014,State,FLORIDA,8TH JUDICIAL CIRCUIT (ALACHUA),"FLORIDA, 8TH JUDICIAL CIRCUIT (ALACHUA)",3
2014,State,FLORIDA,STATE ATTORNEY GENERAL,"FLORIDA, STATE ATTORNEY GENERAL",80
2014,State,GEORGIA,CHATHAM,"GEORGIA, CHATHAM",17
2014,State,GEORGIA,CHEROKEE,"GEORGIA, CHEROKEE",6
2014,State,GEORGIA,DOUGLAS,"GEORGIA, DOUGLAS",1
2014,State,GEORGIA,EVANS,"GEORGIA, EVANS",1
2014,State,GEORGIA,JEFF DAVIS,"GEORGIA, JEFF DAVIS",1
2014,State,GEORGIA,LOOKOUT MOUNTAIN,"GEORGIA, LOOKOUT MOUNTAIN",1
2014,State,IDAHO,CANYON,"IDAHO, CANYON",1
2014,State,ILLINOIS,COOK,"ILLINOIS, COOK",31
2014,State,ILLINOIS,DUPAGE,"ILLINOIS, DUPAGE",13
2014,State,ILLINOIS,LAKE,"ILLINOIS, LAKE",6
2014,State,ILLINOIS,LEE,"ILLINOIS, LEE",2
2014,State,ILLINOIS,MCHENRY,"ILLINOIS, MCHENRY",2
2014,State,ILLINOIS,WHITE,"ILLINOIS, WHITE",1
2014,State,INDIANA,DAVIESS,"INDIANA, DAVIESS",3
2014,State,INDIANA,LAPORTE,"INDIANA, LAPORTE",1
2014,State,INDIANA,MARION,"INDIANA, MARION",1
2014,State,INDIANA,VANDERBURGH,"INDIANA, VANDERBURGH",12
2014,State,KANSAS,FINNEY,"KANSAS, FINNEY",1
2014,State,KANSAS,SALINE,"KANSAS, SALINE",2
2014,State,LOUISIANA,19TH JUDICIAL DISTRICT (EAST BATON ROUGE),"LOUISIANA, 19TH JUDICIAL DISTRICT (EAST BATON ROUGE)",9
2014,State,LOUISIANA,24TH JUDICIAL DISTRICT (JEFFERSON),"LOUISIANA, 24TH JUDICIAL DISTRICT (JEFFERSON)",6
2014,State,LOUISIANA,32ND JUDICIAL DISTRICT (TERREBONNE),"LOUISIANA, 32ND JUDICIAL DISTRICT (TERREBONNE)",1
2014,State,MARYLAND,BALTIMORE,"MARYLAND, BALTIMORE",11
2014,State,MARYLAND,BALTIMORE CITY,"MARYLAND, BALTIMORE CITY",78
2014,State,MARYLAND,CECIL,"MARYLAND, CECIL",3
2014,State,MARYLAND,HARFORD,"MARYLAND, HARFORD",21
2014,State,MARYLAND,HOWARD,"MARYLAND, HOWARD",2
2014,State,MARYLAND,MONTGOMERY,"MARYLAND, MONTGOMERY",1
2014,State,MARYLAND,PRINCE GEORGE'S,"MARYLAND, PRINCE GEORGE'S",1
2014,State,MARYLAND,WICOMICO,"MARYLAND, WICOMICO",2
2014,State,MASSACHUSETTS,MIDDLESEX,"MASSACHUSETTS, MIDDLESEX",1
2014,State,MISSISSIPPI,MARSHALL,"MISSISSIPPI, MARSHALL",3
2014,State,MISSISSIPPI,NEWTON,"MISSISSIPPI, NEWTON",1
2014,State,MISSISSIPPI,OKTIBBEHA,"MISSISSIPPI, OKTIBBEHA",2
2014,State,MISSISSIPPI,WARREN,"MISSISSIPPI, WARREN",1
2014,State,NEVADA,CLARK,"NEVADA, CLARK",177
2014,State,NEW JERSEY,ATLANTIC,"NEW JERSEY, ATLANTIC",15
2014,State,NEW JERSEY,BERGEN,"NEW JERSEY, BERGEN",9
2014,State,NEW JERSEY,BURLINGTON,"NEW JERSEY, BURLINGTON",3
2014,State,NEW JERSEY,CAMDEN,"NEW JERSEY, CAMDEN",17
2014,State,NEW JERSEY,CAPE MAY,"NEW JERSEY, CAPE MAY",1
2014,State,NEW JERSEY,CUMBERLAND,"NEW JERSEY, CUMBERLAND",5
2014,State,NEW JERSEY,ESSEX,"NEW JERSEY, ESSEX",14
2014,State,NEW JERSEY,GLOUCESTER,"NEW JERSEY, GLOUCESTER",2
2014,State,NEW JERSEY,MERCER,"NEW JERSEY, MERCER",3
2014,State,NEW JERSEY,MONMOUTH,"NEW JERSEY, MONMOUTH",9
2014,State,NEW JERSEY,MORRIS,"NEW JERSEY, MORRIS",3
2014,State,NEW JERSEY,OCEAN,"NEW JERSEY, OCEAN",4
2014,State,NEW JERSEY,SALEM,"NEW JERSEY, SALEM",1
2014,State,NEW JERSEY,SOMERSET,"NEW JERSEY, SOMERSET",21
2014,State,NEW JERSEY,STATE ATTORNEY GENERAL,"NEW JERSEY, STATE ATTORNEY GENERAL",31
2014,State,NEW JERSEY,UNION,"NEW JERSEY, UNION",1
2014,State,NEW MEXICO,2ND JUDICIAL DISTRICT (BERNALILLO),"NEW MEXICO, 2ND JUDICIAL DISTRICT (BERNALILLO)",7
2014,State,NEW YORK,BRONX,"NEW YORK, BRONX",11
2014,State,NEW YORK,DUTCHESS,"NEW YORK, DUTCHESS",1
2014,State,NEW YORK,KINGS,"NEW YORK, KINGS",65
2014,State,NEW YORK,NASSAU,"NEW YORK, NASSAU",3
2014,State,NEW YORK,NY ORGANIZED CRIME TASK FORCE,"NEW YORK, NY ORGANIZED CRIME TASK FORCE",7
2014,State,NEW YORK,NYC SPECIAL NARCOTICS BUREAU,"NEW YORK, NYC SPECIAL NARCOTICS BUREAU",155
2014,State,NEW YORK,ONEIDA,"NEW YORK, ONEIDA",3
2014,State,NEW YORK,PUTNAM,"NEW YORK, PUTNAM",2
2014,State,NEW YORK,QUEENS,"NEW YORK, QUEENS",132
2014,State,NEW YORK,RICHMOND,"NEW YORK, RICHMOND",80
2014,State,NEW YORK,ROCKLAND,"NEW YORK, ROCKLAND",6
2014,State,NEW YORK,SENECA,"NEW YORK, SENECA",2
2014,State,NEW YORK,STATE ATTORNEY GENERAL,"NEW YORK, STATE ATTORNEY GENERAL",1
2014,State,NEW YORK,WESTCHESTER,"NEW YORK, WESTCHESTER",25
2014,State,NORTH CAROLINA,CUMBERLAND,"NORTH CAROLINA, CUMBERLAND",2
2014,State,NORTH CAROLINA,FORSYTH,"NORTH CAROLINA, FORSYTH",1
2014,State,NORTH CAROLINA,GUILFORD,"NORTH CAROLINA, GUILFORD",3
2014,State,NORTH CAROLINA,LEE,"NORTH CAROLINA, LEE",5
2014,State,NORTH CAROLINA,MECKLENBURG,"NORTH CAROLINA, MECKLENBURG",3
2014,State,NORTH CAROLINA,PITT,"NORTH CAROLINA, PITT",1
2014,State,NORTH CAROLINA,WAKE,"NORTH CAROLINA, WAKE",15
2014,State,OHIO,FRANKLIN,"OHIO, FRANKLIN",8
2014,State,OHIO,HAMILTON,"OHIO, HAMILTON",3
2014,State,OHIO,PICKAWAY,"OHIO, PICKAWAY",1
2014,State,OHIO,STARK,"OHIO, STARK",1
2014,State,OHIO,WASHINGTON,"OHIO, WASHINGTON",1
2014,State,OKLAHOMA,OKLAHOMA,"OKLAHOMA, OKLAHOMA",7
2014,State,OREGON,MARION,"OREGON, MARION",1
2014,State,PENNSYLVANIA,ALLEGHENY,"PENNSYLVANIA, ALLEGHENY",3
2014,State,PENNSYLVANIA,BERKS,"PENNSYLVANIA, BERKS",11
2014,State,PENNSYLVANIA,BUCKS,"PENNSYLVANIA, BUCKS",1
2014,State,PENNSYLVANIA,CHESTER,"PENNSYLVANIA, CHESTER",3
2014,State,PENNSYLVANIA,FRANKLIN,"PENNSYLVANIA, FRANKLIN",4
2014,State,PENNSYLVANIA,MONTGOMERY,"PENNSYLVANIA, MONTGOMERY",10
2014,State,PENNSYLVANIA,PHILADELPHIA,"PENNSYLVANIA, PHILADELPHIA",20
2014,State,PENNSYLVANIA,PIKE,"PENNSYLVANIA, PIKE",4
2014,State,PENNSYLVANIA,STATE ATTORNEY GENERAL,"PENNSYLVANIA, STATE ATTORNEY GENERAL",29
2014,State,TENNESSEE,11TH JUDICIAL CIRCUIT (HAMILTON),"TENNESSEE, 11TH JUDICIAL CIRCUIT (HAMILTON)",2
2014,State,TENNESSEE,13TH JUDICIAL DISTRICT (PUTNAM),"TENNESSEE, 13TH JUDICIAL DISTRICT (PUTNAM)",4
2014,State,TENNESSEE,16TH JUDICIAL DISTRICT (RUTHERFORD),"TENNESSEE, 16TH JUDICIAL DISTRICT (RUTHERFORD)",9
2014,State,TENNESSEE,20TH JUDICIAL DISTRICT (DAVIDSON),"TENNESSEE, 20TH JUDICIAL DISTRICT (DAVIDSON)",47
2014,State,TENNESSEE,30TH JUDICIAL DISTRICT (SHELBY),"TENNESSEE, 30TH JUDICIAL DISTRICT (SHELBY)",2
2014,State,TEXAS,DALLAS,"TEXAS, DALLAS",1
2014,State,TEXAS,LUBBOCK,"TEXAS, LUBBOCK",7
2014,State,WISCONSIN,BROWN,"WISCONSIN, BROWN",1
2014,State,WYOMING,FREMONT,"WYOMING, FREMONT",2
2014,State,WYOMING,LARAMIE,"WYOMING, LARAMIE",1
2014,State,WYOMING,STATE ATTORNEY GENERAL,"WYOMING, STATE ATTORNEY GENERAL",1